timestamp,field,value
1759877101.6544127,time_boot_ms,51264
1759877101.6544127,press_abs,1013.2384033203125
1759877101.6544127,press_diff,0.0
1759877101.6544127,temperature,3318
1759877101.6544127,temperature_press_diff,0
1759877101.8526359,time_boot_ms,51464
1759877101.8526359,press_abs,1013.2384033203125
1759877101.8526359,press_diff,0.0
1759877101.8526359,temperature,3319
1759877101.8526359,temperature_press_diff,0
1759877102.0563953,time_boot_ms,51664
1759877102.0563953,press_abs,1013.2384033203125
1759877102.0563953,press_diff,0.0
1759877102.0563953,temperature,3321
1759877102.0563953,temperature_press_diff,0
1759877102.2547321,time_boot_ms,51864
1759877102.2547321,press_abs,1013.2384033203125
1759877102.2547321,press_diff,0.0
1759877102.2547321,temperature,3322
1759877102.2547321,temperature_press_diff,0
1759877102.4531748,time_boot_ms,52064
1759877102.4531748,press_abs,1013.2384033203125
1759877102.4531748,press_diff,0.0
1759877102.4531748,temperature,3323
1759877102.4531748,temperature_press_diff,0
1759877102.6515882,time_boot_ms,52264
1759877102.6515882,press_abs,1013.2384033203125
1759877102.6515882,press_diff,0.0
1759877102.6515882,temperature,3324
1759877102.6515882,temperature_press_diff,0
1759877102.8556182,time_boot_ms,52464
1759877102.8556182,press_abs,1013.2384033203125
1759877102.8556182,press_diff,0.0
1759877102.8556182,temperature,3325
1759877102.8556182,temperature_press_diff,0
1759877103.0537758,time_boot_ms,52664
1759877103.0537758,press_abs,1013.2384033203125
1759877103.0537758,press_diff,0.0
1759877103.0537758,temperature,3326
1759877103.0537758,temperature_press_diff,0
1759877103.2521026,time_boot_ms,52864
1759877103.2521026,press_abs,1013.2384033203125
1759877103.2521026,press_diff,0.0
1759877103.2521026,temperature,3328
1759877103.2521026,temperature_press_diff,0
1759877103.456093,time_boot_ms,53064
1759877103.456093,press_abs,1013.2384033203125
1759877103.456093,press_diff,0.0
1759877103.456093,temperature,3329
1759877103.456093,temperature_press_diff,0
1759877103.6545238,time_boot_ms,53264
1759877103.6545238,press_abs,1013.2384033203125
1759877103.6545238,press_diff,0.0
1759877103.6545238,temperature,3330
1759877103.6545238,temperature_press_diff,0
1759877103.8528535,time_boot_ms,53464
1759877103.8528535,press_abs,1013.2384033203125
1759877103.8528535,press_diff,0.0
1759877103.8528535,temperature,3331
1759877103.8528535,temperature_press_diff,0
1759877104.0565522,time_boot_ms,53664
1759877104.0565522,press_abs,1013.2384033203125
1759877104.0565522,press_diff,0.0
1759877104.0565522,temperature,3332
1759877104.0565522,temperature_press_diff,0
1759877104.2550983,time_boot_ms,53864
1759877104.2550983,press_abs,1013.2384033203125
1759877104.2550983,press_diff,0.0
1759877104.2550983,temperature,3333
1759877104.2550983,temperature_press_diff,0
1759877104.4533653,time_boot_ms,54064
1759877104.4533653,press_abs,1013.2384033203125
1759877104.4533653,press_diff,0.0
1759877104.4533653,temperature,3334
1759877104.4533653,temperature_press_diff,0
1759877104.65175,time_boot_ms,54264
1759877104.65175,press_abs,1013.2384033203125
1759877104.65175,press_diff,0.0
1759877104.65175,temperature,3335
1759877104.65175,temperature_press_diff,0
1759877104.855778,time_boot_ms,54464
1759877104.855778,press_abs,1013.2384033203125
1759877104.855778,press_diff,0.0
1759877104.855778,temperature,3337
1759877104.855778,temperature_press_diff,0
1759877105.0541167,time_boot_ms,54664
1759877105.0541167,press_abs,1013.2384033203125
1759877105.0541167,press_diff,0.0
1759877105.0541167,temperature,3338
1759877105.0541167,temperature_press_diff,0
1759877105.2523663,time_boot_ms,54864
1759877105.2523663,press_abs,1013.2384033203125
1759877105.2523663,press_diff,0.0
1759877105.2523663,temperature,3339
1759877105.2523663,temperature_press_diff,0
1759877105.4562726,time_boot_ms,55064
1759877105.4562726,press_abs,1013.2384033203125
1759877105.4562726,press_diff,0.0
1759877105.4562726,temperature,3340
1759877105.4562726,temperature_press_diff,0
1759877105.654613,time_boot_ms,55264
1759877105.654613,press_abs,1013.2384033203125
1759877105.654613,press_diff,0.0
1759877105.654613,temperature,3341
1759877105.654613,temperature_press_diff,0
1759877105.8531096,time_boot_ms,55464
1759877105.8531096,press_abs,1013.2384033203125
1759877105.8531096,press_diff,0.0
1759877105.8531096,temperature,3342
1759877105.8531096,temperature_press_diff,0
1759877106.056942,time_boot_ms,55664
1759877106.056942,press_abs,1013.2384033203125
1759877106.056942,press_diff,0.0
1759877106.056942,temperature,3343
1759877106.056942,temperature_press_diff,0
1759877106.2553098,time_boot_ms,55864
1759877106.2553098,press_abs,1013.2384033203125
1759877106.2553098,press_diff,0.0
1759877106.2553098,temperature,3344
1759877106.2553098,temperature_press_diff,0
1759877106.4535453,time_boot_ms,56064
1759877106.4535453,press_abs,1013.2384033203125
1759877106.4535453,press_diff,0.0
1759877106.4535453,temperature,3345
1759877106.4535453,temperature_press_diff,0
1759877106.6519222,time_boot_ms,56264
1759877106.6519222,press_abs,1013.2384033203125
1759877106.6519222,press_diff,0.0
1759877106.6519222,temperature,3346
1759877106.6519222,temperature_press_diff,0
1759877106.8557482,time_boot_ms,56464
1759877106.8557482,press_abs,1013.2384033203125
1759877106.8557482,press_diff,0.0
1759877106.8557482,temperature,3347
1759877106.8557482,temperature_press_diff,0
1759877107.054279,time_boot_ms,56664
1759877107.054279,press_abs,1013.2384033203125
1759877107.054279,press_diff,0.0
1759877107.054279,temperature,3348
1759877107.054279,temperature_press_diff,0
1759877107.2524245,time_boot_ms,56864
1759877107.2524245,press_abs,1013.2384033203125
1759877107.2524245,press_diff,0.0
1759877107.2524245,temperature,3349
1759877107.2524245,temperature_press_diff,0
1759877107.4565158,time_boot_ms,57064
1759877107.4565158,press_abs,1013.2384033203125
1759877107.4565158,press_diff,0.0
1759877107.4565158,temperature,3350
1759877107.4565158,temperature_press_diff,0
1759877107.6548514,time_boot_ms,57264
1759877107.6548514,press_abs,1013.2384033203125
1759877107.6548514,press_diff,0.0
1759877107.6548514,temperature,3351
1759877107.6548514,temperature_press_diff,0
1759877107.8530607,time_boot_ms,57464
1759877107.8530607,press_abs,1013.2384033203125
1759877107.8530607,press_diff,0.0
1759877107.8530607,temperature,3352
1759877107.8530607,temperature_press_diff,0
1759877108.0569334,time_boot_ms,57664
1759877108.0569334,press_abs,1013.2384033203125
1759877108.0569334,press_diff,0.0
1759877108.0569334,temperature,3353
1759877108.0569334,temperature_press_diff,0
1759877108.255612,time_boot_ms,57864
1759877108.255612,press_abs,1013.2384033203125
1759877108.255612,press_diff,0.0
1759877108.255612,temperature,3354
1759877108.255612,temperature_press_diff,0
1759877108.4539397,time_boot_ms,58064
1759877108.4539397,press_abs,1013.2384033203125
1759877108.4539397,press_diff,0.0
1759877108.4539397,temperature,3355
1759877108.4539397,temperature_press_diff,0
1759877108.65205,time_boot_ms,58264
1759877108.65205,press_abs,1013.2384033203125
1759877108.65205,press_diff,0.0
1759877108.65205,temperature,3356
1759877108.65205,temperature_press_diff,0
1759877108.8562026,time_boot_ms,58464
1759877108.8562026,press_abs,1013.2384033203125
1759877108.8562026,press_diff,0.0
1759877108.8562026,temperature,3357
1759877108.8562026,temperature_press_diff,0
1759877109.054331,time_boot_ms,58664
1759877109.054331,press_abs,1013.2384033203125
1759877109.054331,press_diff,0.0
1759877109.054331,temperature,3358
1759877109.054331,temperature_press_diff,0
1759877109.2526143,time_boot_ms,58864
1759877109.2526143,press_abs,1013.2384033203125
1759877109.2526143,press_diff,0.0
1759877109.2526143,temperature,3359
1759877109.2526143,temperature_press_diff,0
1759877109.456602,time_boot_ms,59064
1759877109.456602,press_abs,1013.2384033203125
1759877109.456602,press_diff,0.0
1759877109.456602,temperature,3360
1759877109.456602,temperature_press_diff,0
1759877109.654911,time_boot_ms,59264
1759877109.654911,press_abs,1013.2384033203125
1759877109.654911,press_diff,0.0
1759877109.654911,temperature,3361
1759877109.654911,temperature_press_diff,0
1759877109.8532486,time_boot_ms,59464
1759877109.8532486,press_abs,1013.2384033203125
1759877109.8532486,press_diff,0.0
1759877109.8532486,temperature,3362
1759877109.8532486,temperature_press_diff,0
1759877110.0573332,time_boot_ms,59664
1759877110.0573332,press_abs,1013.2384033203125
1759877110.0573332,press_diff,0.0
1759877110.0573332,temperature,3362
1759877110.0573332,temperature_press_diff,0
1759877110.2555618,time_boot_ms,59864
1759877110.2555618,press_abs,1013.2384033203125
1759877110.2555618,press_diff,0.0
1759877110.2555618,temperature,3363
1759877110.2555618,temperature_press_diff,0
1759877110.4538865,time_boot_ms,60064
1759877110.4538865,press_abs,1013.2384033203125
1759877110.4538865,press_diff,0.0
1759877110.4538865,temperature,3364
1759877110.4538865,temperature_press_diff,0
1759877110.6522126,time_boot_ms,60264
1759877110.6522126,press_abs,1013.2384033203125
1759877110.6522126,press_diff,0.0
1759877110.6522126,temperature,3365
1759877110.6522126,temperature_press_diff,0
1759877110.856255,time_boot_ms,60464
1759877110.856255,press_abs,1013.2384033203125
1759877110.856255,press_diff,0.0
1759877110.856255,temperature,3366
1759877110.856255,temperature_press_diff,0
1759877111.0544815,time_boot_ms,60664
1759877111.0544815,press_abs,1013.2384033203125
1759877111.0544815,press_diff,0.0
1759877111.0544815,temperature,3367
1759877111.0544815,temperature_press_diff,0
1759877111.2528267,time_boot_ms,60864
1759877111.2528267,press_abs,1013.2384033203125
1759877111.2528267,press_diff,0.0
1759877111.2528267,temperature,3368
1759877111.2528267,temperature_press_diff,0
1759877111.4568312,time_boot_ms,61064
1759877111.4568312,press_abs,1013.2384033203125
1759877111.4568312,press_diff,0.0
1759877111.4568312,temperature,3369
1759877111.4568312,temperature_press_diff,0
1759877111.6551402,time_boot_ms,61264
1759877111.6551402,press_abs,1013.2384033203125
1759877111.6551402,press_diff,0.0
1759877111.6551402,temperature,3370
1759877111.6551402,temperature_press_diff,0
1759877111.853448,time_boot_ms,61464
1759877111.853448,press_abs,1013.2384033203125
1759877111.853448,press_diff,0.0
1759877111.853448,temperature,3370
1759877111.853448,temperature_press_diff,0
1759877112.0573852,time_boot_ms,61664
1759877112.0573852,press_abs,1013.2384033203125
1759877112.0573852,press_diff,0.0
1759877112.0573852,temperature,3371
1759877112.0573852,temperature_press_diff,0
1759877112.2557888,time_boot_ms,61864
1759877112.2557888,press_abs,1013.2384033203125
1759877112.2557888,press_diff,0.0
1759877112.2557888,temperature,3372
1759877112.2557888,temperature_press_diff,0
1759877112.454103,time_boot_ms,62064
1759877112.454103,press_abs,1013.2384033203125
1759877112.454103,press_diff,0.0
1759877112.454103,temperature,3373
1759877112.454103,temperature_press_diff,0
1759877112.652474,time_boot_ms,62264
1759877112.652474,press_abs,1013.2384033203125
1759877112.652474,press_diff,0.0
1759877112.652474,temperature,3374
1759877112.652474,temperature_press_diff,0
1759877112.8564594,time_boot_ms,62464
1759877112.8564594,press_abs,1013.2384033203125
1759877112.8564594,press_diff,0.0
1759877112.8564594,temperature,3375
1759877112.8564594,temperature_press_diff,0
1759877113.0547771,time_boot_ms,62664
1759877113.0547771,press_abs,1013.2384033203125
1759877113.0547771,press_diff,0.0
1759877113.0547771,temperature,3375
1759877113.0547771,temperature_press_diff,0
1759877113.2531316,time_boot_ms,62864
1759877113.2531316,press_abs,1013.2384033203125
1759877113.2531316,press_diff,0.0
1759877113.2531316,temperature,3376
1759877113.2531316,temperature_press_diff,0
1759877113.4571166,time_boot_ms,63064
1759877113.4571166,press_abs,1013.2384033203125
1759877113.4571166,press_diff,0.0
1759877113.4571166,temperature,3377
1759877113.4571166,temperature_press_diff,0
1759877113.6554306,time_boot_ms,63264
1759877113.6554306,press_abs,1013.2384033203125
1759877113.6554306,press_diff,0.0
1759877113.6554306,temperature,3378
1759877113.6554306,temperature_press_diff,0
1759877113.85375,time_boot_ms,63464
1759877113.85375,press_abs,1013.2384033203125
1759877113.85375,press_diff,0.0
1759877113.85375,temperature,3379
1759877113.85375,temperature_press_diff,0
1759877114.0576808,time_boot_ms,63664
1759877114.0576808,press_abs,1013.2384033203125
1759877114.0576808,press_diff,0.0
1759877114.0576808,temperature,3380
1759877114.0576808,temperature_press_diff,0
1759877114.256066,time_boot_ms,63864
1759877114.256066,press_abs,1013.2384033203125
1759877114.256066,press_diff,0.0
1759877114.256066,temperature,3380
1759877114.256066,temperature_press_diff,0
1759877114.454417,time_boot_ms,64064
1759877114.454417,press_abs,1013.2384033203125
1759877114.454417,press_diff,0.0
1759877114.454417,temperature,3381
1759877114.454417,temperature_press_diff,0
1759877114.65271,time_boot_ms,64264
1759877114.65271,press_abs,1013.2384033203125
1759877114.65271,press_diff,0.0
1759877114.65271,temperature,3382
1759877114.65271,temperature_press_diff,0
1759877114.8566942,time_boot_ms,64464
1759877114.8566942,press_abs,1013.2384033203125
1759877114.8566942,press_diff,0.0
1759877114.8566942,temperature,3383
1759877114.8566942,temperature_press_diff,0
1759877115.0550337,time_boot_ms,64664
1759877115.0550337,press_abs,1013.2384033203125
1759877115.0550337,press_diff,0.0
1759877115.0550337,temperature,3383
1759877115.0550337,temperature_press_diff,0
1759877115.253352,time_boot_ms,64864
1759877115.253352,press_abs,1013.2384033203125
1759877115.253352,press_diff,0.0
1759877115.253352,temperature,3384
1759877115.253352,temperature_press_diff,0
1759877115.4574044,time_boot_ms,65064
1759877115.4574044,press_abs,1013.2384033203125
1759877115.4574044,press_diff,0.0
1759877115.4574044,temperature,3385
1759877115.4574044,temperature_press_diff,0
1759877115.6556683,time_boot_ms,65264
1759877115.6556683,press_abs,1013.2384033203125
1759877115.6556683,press_diff,0.0
1759877115.6556683,temperature,3386
1759877115.6556683,temperature_press_diff,0
1759877115.8542705,time_boot_ms,65464
1759877115.8542705,press_abs,1013.2384033203125
1759877115.8542705,press_diff,0.0
1759877115.8542705,temperature,3387
1759877115.8542705,temperature_press_diff,0
1759877116.0580661,time_boot_ms,65664
1759877116.0580661,press_abs,1013.2384033203125
1759877116.0580661,press_diff,0.0
1759877116.0580661,temperature,3387
1759877116.0580661,temperature_press_diff,0
1759877116.2562964,time_boot_ms,65864
1759877116.2562964,press_abs,1013.2384033203125
1759877116.2562964,press_diff,0.0
1759877116.2562964,temperature,3388
1759877116.2562964,temperature_press_diff,0
1759877116.4548,time_boot_ms,66064
1759877116.4548,press_abs,1013.2384033203125
1759877116.4548,press_diff,0.0
1759877116.4548,temperature,3389
1759877116.4548,temperature_press_diff,0
1759877116.6529248,time_boot_ms,66264
1759877116.6529248,press_abs,1013.2384033203125
1759877116.6529248,press_diff,0.0
1759877116.6529248,temperature,3389
1759877116.6529248,temperature_press_diff,0
1759877116.856869,time_boot_ms,66464
1759877116.856869,press_abs,1013.2384033203125
1759877116.856869,press_diff,0.0
1759877116.856869,temperature,3390
1759877116.856869,temperature_press_diff,0
1759877117.0551932,time_boot_ms,66664
1759877117.0551932,press_abs,1013.2384033203125
1759877117.0551932,press_diff,0.0
1759877117.0551932,temperature,3391
1759877117.0551932,temperature_press_diff,0
1759877117.253525,time_boot_ms,66864
1759877117.253525,press_abs,1013.2384033203125
1759877117.253525,press_diff,0.0
1759877117.253525,temperature,3392
1759877117.253525,temperature_press_diff,0
1759877117.4575386,time_boot_ms,67064
1759877117.4575386,press_abs,1013.2384033203125
1759877117.4575386,press_diff,0.0
1759877117.4575386,temperature,3392
1759877117.4575386,temperature_press_diff,0
1759877117.6558464,time_boot_ms,67264
1759877117.6558464,press_abs,1013.2384033203125
1759877117.6558464,press_diff,0.0
1759877117.6558464,temperature,3393
1759877117.6558464,temperature_press_diff,0
1759877117.854169,time_boot_ms,67464
1759877117.854169,press_abs,1013.2384033203125
1759877117.854169,press_diff,0.0
1759877117.854169,temperature,3394
1759877117.854169,temperature_press_diff,0
1759877118.0581796,time_boot_ms,67664
1759877118.0581796,press_abs,1013.2384033203125
1759877118.0581796,press_diff,0.0
1759877118.0581796,temperature,3394
1759877118.0581796,temperature_press_diff,0
1759877118.2564669,time_boot_ms,67864
1759877118.2564669,press_abs,1013.2384033203125
1759877118.2564669,press_diff,0.0
1759877118.2564669,temperature,3395
1759877118.2564669,temperature_press_diff,0
1759877118.454798,time_boot_ms,68064
1759877118.454798,press_abs,1013.2384033203125
1759877118.454798,press_diff,0.0
1759877118.454798,temperature,3396
1759877118.454798,temperature_press_diff,0
1759877118.6531098,time_boot_ms,68264
1759877118.6531098,press_abs,1013.2384033203125
1759877118.6531098,press_diff,0.0
1759877118.6531098,temperature,3397
1759877118.6531098,temperature_press_diff,0
1759877118.8571997,time_boot_ms,68464
1759877118.8571997,press_abs,1013.2384033203125
1759877118.8571997,press_diff,0.0
1759877118.8571997,temperature,3397
1759877118.8571997,temperature_press_diff,0
1759877119.0555038,time_boot_ms,68664
1759877119.0555038,press_abs,1013.2384033203125
1759877119.0555038,press_diff,0.0
1759877119.0555038,temperature,3398
1759877119.0555038,temperature_press_diff,0
1759877119.2539601,time_boot_ms,68864
1759877119.2539601,press_abs,1013.2384033203125
1759877119.2539601,press_diff,0.0
1759877119.2539601,temperature,3399
1759877119.2539601,temperature_press_diff,0
1759877119.4577148,time_boot_ms,69064
1759877119.4577148,press_abs,1013.2384033203125
1759877119.4577148,press_diff,0.0
1759877119.4577148,temperature,3399
1759877119.4577148,temperature_press_diff,0
1759877119.656125,time_boot_ms,69264
1759877119.656125,press_abs,1013.2384033203125
1759877119.656125,press_diff,0.0
1759877119.656125,temperature,3400
1759877119.656125,temperature_press_diff,0
1759877119.8544424,time_boot_ms,69464
1759877119.8544424,press_abs,1013.2384033203125
1759877119.8544424,press_diff,0.0
1759877119.8544424,temperature,3401
1759877119.8544424,temperature_press_diff,0
1759877120.0584185,time_boot_ms,69664
1759877120.0584185,press_abs,1013.2384033203125
1759877120.0584185,press_diff,0.0
1759877120.0584185,temperature,3401
1759877120.0584185,temperature_press_diff,0
1759877120.2569273,time_boot_ms,69864
1759877120.2569273,press_abs,1013.2384033203125
1759877120.2569273,press_diff,0.0
1759877120.2569273,temperature,3402
1759877120.2569273,temperature_press_diff,0
1759877120.4552321,time_boot_ms,70064
1759877120.4552321,press_abs,1013.2384033203125
1759877120.4552321,press_diff,0.0
1759877120.4552321,temperature,3403
1759877120.4552321,temperature_press_diff,0
1759877120.6535392,time_boot_ms,70264
1759877120.6535392,press_abs,1013.2384033203125
1759877120.6535392,press_diff,0.0
1759877120.6535392,temperature,3403
1759877120.6535392,temperature_press_diff,0
1759877120.857537,time_boot_ms,70464
1759877120.857537,press_abs,1013.2384033203125
1759877120.857537,press_diff,0.0
1759877120.857537,temperature,3404
1759877120.857537,temperature_press_diff,0
1759877121.0556688,time_boot_ms,70664
1759877121.0556688,press_abs,1013.2384033203125
1759877121.0556688,press_diff,0.0
1759877121.0556688,temperature,3404
1759877121.0556688,temperature_press_diff,0
1759877121.2540245,time_boot_ms,70864
1759877121.2540245,press_abs,1013.2384033203125
1759877121.2540245,press_diff,0.0
1759877121.2540245,temperature,3405
1759877121.2540245,temperature_press_diff,0
1759877121.457871,time_boot_ms,71064
1759877121.457871,press_abs,1013.2384033203125
1759877121.457871,press_diff,0.0
1759877121.457871,temperature,3406
1759877121.457871,temperature_press_diff,0
1759877121.6564462,time_boot_ms,71264
1759877121.6564462,press_abs,1013.2384033203125
1759877121.6564462,press_diff,0.0
1759877121.6564462,temperature,3406
1759877121.6564462,temperature_press_diff,0
1759877121.8547702,time_boot_ms,71464
1759877121.8547702,press_abs,1013.2384033203125
1759877121.8547702,press_diff,0.0
1759877121.8547702,temperature,3407
1759877121.8547702,temperature_press_diff,0
1759877122.0586853,time_boot_ms,71664
1759877122.0586853,press_abs,1013.2384033203125
1759877122.0586853,press_diff,0.0
1759877122.0586853,temperature,3408
1759877122.0586853,temperature_press_diff,0
1759877122.2570963,time_boot_ms,71864
1759877122.2570963,press_abs,1013.2384033203125
1759877122.2570963,press_diff,0.0
1759877122.2570963,temperature,3408
1759877122.2570963,temperature_press_diff,0
1759877122.4555988,time_boot_ms,72064
1759877122.4555988,press_abs,1013.2384033203125
1759877122.4555988,press_diff,0.0
1759877122.4555988,temperature,3409
1759877122.4555988,temperature_press_diff,0
1759877122.6537151,time_boot_ms,72264
1759877122.6537151,press_abs,1013.2384033203125
1759877122.6537151,press_diff,0.0
1759877122.6537151,temperature,3409
1759877122.6537151,temperature_press_diff,0
1759877122.8578045,time_boot_ms,72464
1759877122.8578045,press_abs,1013.2384033203125
1759877122.8578045,press_diff,0.0
1759877122.8578045,temperature,3410
1759877122.8578045,temperature_press_diff,0
1759877123.056095,time_boot_ms,72664
1759877123.056095,press_abs,1013.2384033203125
1759877123.056095,press_diff,0.0
1759877123.056095,temperature,3411
1759877123.056095,temperature_press_diff,0
1759877123.254175,time_boot_ms,72864
1759877123.254175,press_abs,1013.2384033203125
1759877123.254175,press_diff,0.0
1759877123.254175,temperature,3411
1759877123.254175,temperature_press_diff,0
1759877123.4580808,time_boot_ms,73064
1759877123.4580808,press_abs,1013.2384033203125
1759877123.4580808,press_diff,0.0
1759877123.4580808,temperature,3412
1759877123.4580808,temperature_press_diff,0
1759877123.6565049,time_boot_ms,73264
1759877123.6565049,press_abs,1013.2384033203125
1759877123.6565049,press_diff,0.0
1759877123.6565049,temperature,3412
1759877123.6565049,temperature_press_diff,0
1759877123.855126,time_boot_ms,73464
1759877123.855126,press_abs,1013.2384033203125
1759877123.855126,press_diff,0.0
1759877123.855126,temperature,3413
1759877123.855126,temperature_press_diff,0
1759877124.0589535,time_boot_ms,73664
1759877124.0589535,press_abs,1013.2384033203125
1759877124.0589535,press_diff,0.0
1759877124.0589535,temperature,3414
1759877124.0589535,temperature_press_diff,0
1759877124.2571228,time_boot_ms,73864
1759877124.2571228,press_abs,1013.2384033203125
1759877124.2571228,press_diff,0.0
1759877124.2571228,temperature,3414
1759877124.2571228,temperature_press_diff,0
1759877124.4554427,time_boot_ms,74064
1759877124.4554427,press_abs,1013.2384033203125
1759877124.4554427,press_diff,0.0
1759877124.4554427,temperature,3415
1759877124.4554427,temperature_press_diff,0
1759877124.6538732,time_boot_ms,74264
1759877124.6538732,press_abs,1013.2384033203125
1759877124.6538732,press_diff,0.0
1759877124.6538732,temperature,3415
1759877124.6538732,temperature_press_diff,0
1759877124.8577828,time_boot_ms,74464
1759877124.8577828,press_abs,1013.2384033203125
1759877124.8577828,press_diff,0.0
1759877124.8577828,temperature,3416
1759877124.8577828,temperature_press_diff,0
1759877125.0560424,time_boot_ms,74664
1759877125.0560424,press_abs,1013.2384033203125
1759877125.0560424,press_diff,0.0
1759877125.0560424,temperature,3416
1759877125.0560424,temperature_press_diff,0
1759877125.2544057,time_boot_ms,74864
1759877125.2544057,press_abs,1013.2384033203125
1759877125.2544057,press_diff,0.0
1759877125.2544057,temperature,3417
1759877125.2544057,temperature_press_diff,0
1759877125.4582736,time_boot_ms,75064
1759877125.4582736,press_abs,1013.2384033203125
1759877125.4582736,press_diff,0.0
1759877125.4582736,temperature,3417
1759877125.4582736,temperature_press_diff,0
1759877125.6568625,time_boot_ms,75264
1759877125.6568625,press_abs,1013.2384033203125
1759877125.6568625,press_diff,0.0
1759877125.6568625,temperature,3418
1759877125.6568625,temperature_press_diff,0
1759877125.8551064,time_boot_ms,75464
1759877125.8551064,press_abs,1013.2384033203125
1759877125.8551064,press_diff,0.0
1759877125.8551064,temperature,3419
1759877125.8551064,temperature_press_diff,0
1759877126.0589492,time_boot_ms,75664
1759877126.0589492,press_abs,1013.2384033203125
1759877126.0589492,press_diff,0.0
1759877126.0589492,temperature,3419
1759877126.0589492,temperature_press_diff,0
1759877126.2573347,time_boot_ms,75864
1759877126.2573347,press_abs,1013.2384033203125
1759877126.2573347,press_diff,0.0
1759877126.2573347,temperature,3420
1759877126.2573347,temperature_press_diff,0
1759877126.455803,time_boot_ms,76064
1759877126.455803,press_abs,1013.2384033203125
1759877126.455803,press_diff,0.0
1759877126.455803,temperature,3420
1759877126.455803,temperature_press_diff,0
1759877126.6540394,time_boot_ms,76264
1759877126.6540394,press_abs,1013.2384033203125
1759877126.6540394,press_diff,0.0
1759877126.6540394,temperature,3421
1759877126.6540394,temperature_press_diff,0
1759877126.8577604,time_boot_ms,76464
1759877126.8577604,press_abs,1013.2384033203125
1759877126.8577604,press_diff,0.0
1759877126.8577604,temperature,3421
1759877126.8577604,temperature_press_diff,0
1759877127.0563715,time_boot_ms,76664
1759877127.0563715,press_abs,1013.2384033203125
1759877127.0563715,press_diff,0.0
1759877127.0563715,temperature,3422
1759877127.0563715,temperature_press_diff,0
1759877127.2547827,time_boot_ms,76864
1759877127.2547827,press_abs,1013.2384033203125
1759877127.2547827,press_diff,0.0
1759877127.2547827,temperature,3422
1759877127.2547827,temperature_press_diff,0
1759877127.4585006,time_boot_ms,77064
1759877127.4585006,press_abs,1013.2384033203125
1759877127.4585006,press_diff,0.0
1759877127.4585006,temperature,3423
1759877127.4585006,temperature_press_diff,0
1759877127.6571536,time_boot_ms,77264
1759877127.6571536,press_abs,1013.2384033203125
1759877127.6571536,press_diff,0.0
1759877127.6571536,temperature,3423
1759877127.6571536,temperature_press_diff,0
1759877127.8553958,time_boot_ms,77464
1759877127.8553958,press_abs,1013.2384033203125
1759877127.8553958,press_diff,0.0
1759877127.8553958,temperature,3424
1759877127.8553958,temperature_press_diff,0
1759877128.0592222,time_boot_ms,77664
1759877128.0592222,press_abs,1013.2384033203125
1759877128.0592222,press_diff,0.0
1759877128.0592222,temperature,3424
1759877128.0592222,temperature_press_diff,0
1759877128.2576823,time_boot_ms,77864
1759877128.2576823,press_abs,1013.2384033203125
1759877128.2576823,press_diff,0.0
1759877128.2576823,temperature,3425
1759877128.2576823,temperature_press_diff,0
1759877128.4560878,time_boot_ms,78064
1759877128.4560878,press_abs,1013.2384033203125
1759877128.4560878,press_diff,0.0
1759877128.4560878,temperature,3425
1759877128.4560878,temperature_press_diff,0
1759877128.6542675,time_boot_ms,78264
1759877128.6542675,press_abs,1013.2384033203125
1759877128.6542675,press_diff,0.0
1759877128.6542675,temperature,3426
1759877128.6542675,temperature_press_diff,0
1759877128.8585668,time_boot_ms,78464
1759877128.8585668,press_abs,1013.2384033203125
1759877128.8585668,press_diff,0.0
1759877128.8585668,temperature,3426
1759877128.8585668,temperature_press_diff,0
1759877129.0564895,time_boot_ms,78664
1759877129.0564895,press_abs,1013.2384033203125
1759877129.0564895,press_diff,0.0
1759877129.0564895,temperature,3427
1759877129.0564895,temperature_press_diff,0
1759877129.2548938,time_boot_ms,78864
1759877129.2548938,press_abs,1013.2384033203125
1759877129.2548938,press_diff,0.0
1759877129.2548938,temperature,3427
1759877129.2548938,temperature_press_diff,0
1759877129.458965,time_boot_ms,79064
1759877129.458965,press_abs,1013.2384033203125
1759877129.458965,press_diff,0.0
1759877129.458965,temperature,3428
1759877129.458965,temperature_press_diff,0
1759877129.6572325,time_boot_ms,79264
1759877129.6572325,press_abs,1013.2384033203125
1759877129.6572325,press_diff,0.0
1759877129.6572325,temperature,3428
1759877129.6572325,temperature_press_diff,0
1759877129.8554642,time_boot_ms,79464
1759877129.8554642,press_abs,1013.2384033203125
1759877129.8554642,press_diff,0.0
1759877129.8554642,temperature,3429
1759877129.8554642,temperature_press_diff,0
1759877130.0593479,time_boot_ms,79664
1759877130.0593479,press_abs,1013.2384033203125
1759877130.0593479,press_diff,0.0
1759877130.0593479,temperature,3429
1759877130.0593479,temperature_press_diff,0
1759877130.258121,time_boot_ms,79864
1759877130.258121,press_abs,1013.2384033203125
1759877130.258121,press_diff,0.0
1759877130.258121,temperature,3430
1759877130.258121,temperature_press_diff,0
1759877130.4563007,time_boot_ms,80064
1759877130.4563007,press_abs,1013.2384033203125
1759877130.4563007,press_diff,0.0
1759877130.4563007,temperature,3430
1759877130.4563007,temperature_press_diff,0
1759877130.6545534,time_boot_ms,80264
1759877130.6545534,press_abs,1013.2384033203125
1759877130.6545534,press_diff,0.0
1759877130.6545534,temperature,3430
1759877130.6545534,temperature_press_diff,0
1759877130.8590217,time_boot_ms,80464
1759877130.8590217,press_abs,1013.2384033203125
1759877130.8590217,press_diff,0.0
1759877130.8590217,temperature,3431
1759877130.8590217,temperature_press_diff,0
1759877131.0567985,time_boot_ms,80664
1759877131.0567985,press_abs,1013.2384033203125
1759877131.0567985,press_diff,0.0
1759877131.0567985,temperature,3431
1759877131.0567985,temperature_press_diff,0
1759877131.2551687,time_boot_ms,80864
1759877131.2551687,press_abs,1013.2384033203125
1759877131.2551687,press_diff,0.0
1759877131.2551687,temperature,3432
1759877131.2551687,temperature_press_diff,0
1759877131.4590976,time_boot_ms,81064
1759877131.4590976,press_abs,1013.2384033203125
1759877131.4590976,press_diff,0.0
1759877131.4590976,temperature,3432
1759877131.4590976,temperature_press_diff,0
1759877131.65748,time_boot_ms,81264
1759877131.65748,press_abs,1013.2384033203125
1759877131.65748,press_diff,0.0
1759877131.65748,temperature,3433
1759877131.65748,temperature_press_diff,0
1759877131.855848,time_boot_ms,81464
1759877131.855848,press_abs,1013.2384033203125
1759877131.855848,press_diff,0.0
1759877131.855848,temperature,3433
1759877131.855848,temperature_press_diff,0
1759877132.0597253,time_boot_ms,81664
1759877132.0597253,press_abs,1013.2384033203125
1759877132.0597253,press_diff,0.0
1759877132.0597253,temperature,3434
1759877132.0597253,temperature_press_diff,0
1759877132.2584934,time_boot_ms,81864
1759877132.2584934,press_abs,1013.2384033203125
1759877132.2584934,press_diff,0.0
1759877132.2584934,temperature,3434
1759877132.2584934,temperature_press_diff,0
1759877132.456469,time_boot_ms,82064
1759877132.456469,press_abs,1013.2384033203125
1759877132.456469,press_diff,0.0
1759877132.456469,temperature,3435
1759877132.456469,temperature_press_diff,0
1759877132.6547744,time_boot_ms,82264
1759877132.6547744,press_abs,1013.2384033203125
1759877132.6547744,press_diff,0.0
1759877132.6547744,temperature,3435
1759877132.6547744,temperature_press_diff,0
1759877132.8588688,time_boot_ms,82464
1759877132.8588688,press_abs,1013.2384033203125
1759877132.8588688,press_diff,0.0
1759877132.8588688,temperature,3435
1759877132.8588688,temperature_press_diff,0
1759877133.0569708,time_boot_ms,82664
1759877133.0569708,press_abs,1013.2384033203125
1759877133.0569708,press_diff,0.0
1759877133.0569708,temperature,3436
1759877133.0569708,temperature_press_diff,0
1759877133.2553227,time_boot_ms,82864
1759877133.2553227,press_abs,1013.2384033203125
1759877133.2553227,press_diff,0.0
1759877133.2553227,temperature,3436
1759877133.2553227,temperature_press_diff,0
1759877133.4592166,time_boot_ms,83064
1759877133.4592166,press_abs,1013.2384033203125
1759877133.4592166,press_diff,0.0
1759877133.4592166,temperature,3437
1759877133.4592166,temperature_press_diff,0
1759877133.657602,time_boot_ms,83264
1759877133.657602,press_abs,1013.2384033203125
1759877133.657602,press_diff,0.0
1759877133.657602,temperature,3437
1759877133.657602,temperature_press_diff,0
1759877133.8559675,time_boot_ms,83464
1759877133.8559675,press_abs,1013.2384033203125
1759877133.8559675,press_diff,0.0
1759877133.8559675,temperature,3437
1759877133.8559675,temperature_press_diff,0
1759877134.0553231,time_boot_ms,83664
1759877134.0553231,press_abs,1013.2384033203125
1759877134.0553231,press_diff,0.0
1759877134.0553231,temperature,3438
1759877134.0553231,temperature_press_diff,0
1759877134.2590907,time_boot_ms,83864
1759877134.2590907,press_abs,1013.2384033203125
1759877134.2590907,press_diff,0.0
1759877134.2590907,temperature,3438
1759877134.2590907,temperature_press_diff,0
1759877134.4573731,time_boot_ms,84064
1759877134.4573731,press_abs,1013.2384033203125
1759877134.4573731,press_diff,0.0
1759877134.4573731,temperature,3439
1759877134.4573731,temperature_press_diff,0
1759877134.655745,time_boot_ms,84264
1759877134.655745,press_abs,1013.2384033203125
1759877134.655745,press_diff,0.0
1759877134.655745,temperature,3439
1759877134.655745,temperature_press_diff,0
1759877134.859636,time_boot_ms,84464
1759877134.859636,press_abs,1013.2384033203125
1759877134.859636,press_diff,0.0
1759877134.859636,temperature,3439
1759877134.859636,temperature_press_diff,0
1759877135.0580232,time_boot_ms,84664
1759877135.0580232,press_abs,1013.2384033203125
1759877135.0580232,press_diff,0.0
1759877135.0580232,temperature,3440
1759877135.0580232,temperature_press_diff,0
1759877135.25635,time_boot_ms,84864
1759877135.25635,press_abs,1013.2384033203125
1759877135.25635,press_diff,0.0
1759877135.25635,temperature,3440
1759877135.25635,temperature_press_diff,0
1759877135.4546635,time_boot_ms,85064
1759877135.4546635,press_abs,1013.2384033203125
1759877135.4546635,press_diff,0.0
1759877135.4546635,temperature,3441
1759877135.4546635,temperature_press_diff,0
1759877135.6586547,time_boot_ms,85264
1759877135.6586547,press_abs,1013.2384033203125
1759877135.6586547,press_diff,0.0
1759877135.6586547,temperature,3441
1759877135.6586547,temperature_press_diff,0
1759877135.856862,time_boot_ms,85464
1759877135.856862,press_abs,1013.2384033203125
1759877135.856862,press_diff,0.0
1759877135.856862,temperature,3441
1759877135.856862,temperature_press_diff,0
1759877136.0553157,time_boot_ms,85664
1759877136.0553157,press_abs,1013.2384033203125
1759877136.0553157,press_diff,0.0
1759877136.0553157,temperature,3442
1759877136.0553157,temperature_press_diff,0
1759877136.2593062,time_boot_ms,85864
1759877136.2593062,press_abs,1013.2384033203125
1759877136.2593062,press_diff,0.0
1759877136.2593062,temperature,3442
1759877136.2593062,temperature_press_diff,0
1759877136.4576116,time_boot_ms,86064
1759877136.4576116,press_abs,1013.2384033203125
1759877136.4576116,press_diff,0.0
1759877136.4576116,temperature,3443
1759877136.4576116,temperature_press_diff,0
1759877136.6559458,time_boot_ms,86264
1759877136.6559458,press_abs,1013.2384033203125
1759877136.6559458,press_diff,0.0
1759877136.6559458,temperature,3443
1759877136.6559458,temperature_press_diff,0
1759877136.8600538,time_boot_ms,86464
1759877136.8600538,press_abs,1013.2384033203125
1759877136.8600538,press_diff,0.0
1759877136.8600538,temperature,3443
1759877136.8600538,temperature_press_diff,0
1759877137.0583074,time_boot_ms,86664
1759877137.0583074,press_abs,1013.2384033203125
1759877137.0583074,press_diff,0.0
1759877137.0583074,temperature,3444
1759877137.0583074,temperature_press_diff,0
1759877137.256591,time_boot_ms,86864
1759877137.256591,press_abs,1013.2384033203125
1759877137.256591,press_diff,0.0
1759877137.256591,temperature,3444
1759877137.256591,temperature_press_diff,0
1759877137.4548755,time_boot_ms,87064
1759877137.4548755,press_abs,1013.2384033203125
1759877137.4548755,press_diff,0.0
1759877137.4548755,temperature,3444
1759877137.4548755,temperature_press_diff,0
1759877137.6588838,time_boot_ms,87264
1759877137.6588838,press_abs,1013.2384033203125
1759877137.6588838,press_diff,0.0
1759877137.6588838,temperature,3445
1759877137.6588838,temperature_press_diff,0
1759877137.8571904,time_boot_ms,87464
1759877137.8571904,press_abs,1013.2384033203125
1759877137.8571904,press_diff,0.0
1759877137.8571904,temperature,3445
1759877137.8571904,temperature_press_diff,0
1759877138.0555453,time_boot_ms,87664
1759877138.0555453,press_abs,1013.2384033203125
1759877138.0555453,press_diff,0.0
1759877138.0555453,temperature,3446
1759877138.0555453,temperature_press_diff,0
1759877138.2595477,time_boot_ms,87864
1759877138.2595477,press_abs,1013.2384033203125
1759877138.2595477,press_diff,0.0
1759877138.2595477,temperature,3446
1759877138.2595477,temperature_press_diff,0
1759877138.4580255,time_boot_ms,88064
1759877138.4580255,press_abs,1013.2384033203125
1759877138.4580255,press_diff,0.0
1759877138.4580255,temperature,3446
1759877138.4580255,temperature_press_diff,0
1759877138.6562202,time_boot_ms,88264
1759877138.6562202,press_abs,1013.2384033203125
1759877138.6562202,press_diff,0.0
1759877138.6562202,temperature,3447
1759877138.6562202,temperature_press_diff,0
1759877138.8600376,time_boot_ms,88464
1759877138.8600376,press_abs,1013.2384033203125
1759877138.8600376,press_diff,0.0
1759877138.8600376,temperature,3447
1759877138.8600376,temperature_press_diff,0
1759877139.058464,time_boot_ms,88664
1759877139.058464,press_abs,1013.2384033203125
1759877139.058464,press_diff,0.0
1759877139.058464,temperature,3447
1759877139.058464,temperature_press_diff,0
1759877139.2567892,time_boot_ms,88864
1759877139.2567892,press_abs,1013.2384033203125
1759877139.2567892,press_diff,0.0
1759877139.2567892,temperature,3448
1759877139.2567892,temperature_press_diff,0
1759877139.455121,time_boot_ms,89064
1759877139.455121,press_abs,1013.2384033203125
1759877139.455121,press_diff,0.0
1759877139.455121,temperature,3448
1759877139.455121,temperature_press_diff,0
1759877139.6591902,time_boot_ms,89264
1759877139.6591902,press_abs,1013.2384033203125
1759877139.6591902,press_diff,0.0
1759877139.6591902,temperature,3448
1759877139.6591902,temperature_press_diff,0
1759877139.8576303,time_boot_ms,89464
1759877139.8576303,press_abs,1013.2384033203125
1759877139.8576303,press_diff,0.0
1759877139.8576303,temperature,3449
1759877139.8576303,temperature_press_diff,0
1759877140.056491,time_boot_ms,89664
1759877140.056491,press_abs,1013.2384033203125
1759877140.056491,press_diff,0.0
1759877140.056491,temperature,3449
1759877140.056491,temperature_press_diff,0
1759877140.25482,time_boot_ms,89864
1759877140.25482,press_abs,1013.2384033203125
1759877140.25482,press_diff,0.0
1759877140.25482,temperature,3449
1759877140.25482,temperature_press_diff,0
1759877140.4590218,time_boot_ms,90064
1759877140.4590218,press_abs,1013.2384033203125
1759877140.4590218,press_diff,0.0
1759877140.4590218,temperature,3450
1759877140.4590218,temperature_press_diff,0
1759877140.6572027,time_boot_ms,90264
1759877140.6572027,press_abs,1013.2384033203125
1759877140.6572027,press_diff,0.0
1759877140.6572027,temperature,3450
1759877140.6572027,temperature_press_diff,0
1759877140.855503,time_boot_ms,90464
1759877140.855503,press_abs,1013.2384033203125
1759877140.855503,press_diff,0.0
1759877140.855503,temperature,3450
1759877140.855503,temperature_press_diff,0
1759877141.05951,time_boot_ms,90664
1759877141.05951,press_abs,1013.2384033203125
1759877141.05951,press_diff,0.0
1759877141.05951,temperature,3451
1759877141.05951,temperature_press_diff,0
1759877141.2582695,time_boot_ms,90864
1759877141.2582695,press_abs,1013.2384033203125
1759877141.2582695,press_diff,0.0
1759877141.2582695,temperature,3451
1759877141.2582695,temperature_press_diff,0
1759877141.45606,time_boot_ms,91064
1759877141.45606,press_abs,1013.2384033203125
1759877141.45606,press_diff,0.0
1759877141.45606,temperature,3451
1759877141.45606,temperature_press_diff,0
1759877141.660349,time_boot_ms,91264
1759877141.660349,press_abs,1013.2384033203125
1759877141.660349,press_diff,0.0
1759877141.660349,temperature,3452
1759877141.660349,temperature_press_diff,0
1759877141.8587143,time_boot_ms,91464
1759877141.8587143,press_abs,1013.2384033203125
1759877141.8587143,press_diff,0.0
1759877141.8587143,temperature,3452
1759877141.8587143,temperature_press_diff,0
1759877142.0575383,time_boot_ms,91664
1759877142.0575383,press_abs,1013.2384033203125
1759877142.0575383,press_diff,0.0
1759877142.0575383,temperature,3452
1759877142.0575383,temperature_press_diff,0
1759877142.255881,time_boot_ms,91864
1759877142.255881,press_abs,1013.2384033203125
1759877142.255881,press_diff,0.0
1759877142.255881,temperature,3453
1759877142.255881,temperature_press_diff,0
1759877142.4601874,time_boot_ms,92064
1759877142.4601874,press_abs,1013.2384033203125
1759877142.4601874,press_diff,0.0
1759877142.4601874,temperature,3453
1759877142.4601874,temperature_press_diff,0
1759877142.658548,time_boot_ms,92264
1759877142.658548,press_abs,1013.2384033203125
1759877142.658548,press_diff,0.0
1759877142.658548,temperature,3453
1759877142.658548,temperature_press_diff,0
1759877142.8565924,time_boot_ms,92464
1759877142.8565924,press_abs,1013.2384033203125
1759877142.8565924,press_diff,0.0
1759877142.8565924,temperature,3454
1759877142.8565924,temperature_press_diff,0
1759877143.0605724,time_boot_ms,92664
1759877143.0605724,press_abs,1013.2384033203125
1759877143.0605724,press_diff,0.0
1759877143.0605724,temperature,3454
1759877143.0605724,temperature_press_diff,0
1759877143.2592783,time_boot_ms,92864
1759877143.2592783,press_abs,1013.2384033203125
1759877143.2592783,press_diff,0.0
1759877143.2592783,temperature,3454
1759877143.2592783,temperature_press_diff,0
1759877143.4574244,time_boot_ms,93064
1759877143.4574244,press_abs,1013.2384033203125
1759877143.4574244,press_diff,0.0
1759877143.4574244,temperature,3454
1759877143.4574244,temperature_press_diff,0
1759877143.6556866,time_boot_ms,93264
1759877143.6556866,press_abs,1013.2384033203125
1759877143.6556866,press_diff,0.0
1759877143.6556866,temperature,3455
1759877143.6556866,temperature_press_diff,0
1759877143.8597798,time_boot_ms,93464
1759877143.8597798,press_abs,1013.2384033203125
1759877143.8597798,press_diff,0.0
1759877143.8597798,temperature,3455
1759877143.8597798,temperature_press_diff,0
1759877144.0581217,time_boot_ms,93664
1759877144.0581217,press_abs,1013.2384033203125
1759877144.0581217,press_diff,0.0
1759877144.0581217,temperature,3455
1759877144.0581217,temperature_press_diff,0
1759877144.2563581,time_boot_ms,93864
1759877144.2563581,press_abs,1013.2384033203125
1759877144.2563581,press_diff,0.0
1759877144.2563581,temperature,3456
1759877144.2563581,temperature_press_diff,0
1759877144.4600844,time_boot_ms,94064
1759877144.4600844,press_abs,1013.2384033203125
1759877144.4600844,press_diff,0.0
1759877144.4600844,temperature,3456
1759877144.4600844,temperature_press_diff,0
1759877144.6585858,time_boot_ms,94264
1759877144.6585858,press_abs,1013.2384033203125
1759877144.6585858,press_diff,0.0
1759877144.6585858,temperature,3456
1759877144.6585858,temperature_press_diff,0
1759877144.8569102,time_boot_ms,94464
1759877144.8569102,press_abs,1013.2384033203125
1759877144.8569102,press_diff,0.0
1759877144.8569102,temperature,3456
1759877144.8569102,temperature_press_diff,0
1759877145.0608807,time_boot_ms,94664
1759877145.0608807,press_abs,1013.2384033203125
1759877145.0608807,press_diff,0.0
1759877145.0608807,temperature,3457
1759877145.0608807,temperature_press_diff,0
1759877145.2592003,time_boot_ms,94864
1759877145.2592003,press_abs,1013.2384033203125
1759877145.2592003,press_diff,0.0
1759877145.2592003,temperature,3457
1759877145.2592003,temperature_press_diff,0
1759877145.457563,time_boot_ms,95064
1759877145.457563,press_abs,1013.2384033203125
1759877145.457563,press_diff,0.0
1759877145.457563,temperature,3457
1759877145.457563,temperature_press_diff,0
1759877145.6557617,time_boot_ms,95264
1759877145.6557617,press_abs,1013.2384033203125
1759877145.6557617,press_diff,0.0
1759877145.6557617,temperature,3458
1759877145.6557617,temperature_press_diff,0
1759877145.8598104,time_boot_ms,95464
1759877145.8598104,press_abs,1013.2384033203125
1759877145.8598104,press_diff,0.0
1759877145.8598104,temperature,3458
1759877145.8598104,temperature_press_diff,0
1759877146.0579314,time_boot_ms,95664
1759877146.0579314,press_abs,1013.2384033203125
1759877146.0579314,press_diff,0.0
1759877146.0579314,temperature,3458
1759877146.0579314,temperature_press_diff,0
1759877146.256328,time_boot_ms,95864
1759877146.256328,press_abs,1013.2384033203125
1759877146.256328,press_diff,0.0
1759877146.256328,temperature,3458
1759877146.256328,temperature_press_diff,0
1759877146.4602401,time_boot_ms,96064
1759877146.4602401,press_abs,1013.2384033203125
1759877146.4602401,press_diff,0.0
1759877146.4602401,temperature,3459
1759877146.4602401,temperature_press_diff,0
1759877146.6585884,time_boot_ms,96264
1759877146.6585884,press_abs,1013.2384033203125
1759877146.6585884,press_diff,0.0
1759877146.6585884,temperature,3459
1759877146.6585884,temperature_press_diff,0
1759877146.8569343,time_boot_ms,96464
1759877146.8569343,press_abs,1013.2384033203125
1759877146.8569343,press_diff,0.0
1759877146.8569343,temperature,3459
1759877146.8569343,temperature_press_diff,0
1759877147.0608666,time_boot_ms,96664
1759877147.0608666,press_abs,1013.2384033203125
1759877147.0608666,press_diff,0.0
1759877147.0608666,temperature,3460
1759877147.0608666,temperature_press_diff,0
1759877147.2592351,time_boot_ms,96864
1759877147.2592351,press_abs,1013.2384033203125
1759877147.2592351,press_diff,0.0
1759877147.2592351,temperature,3460
1759877147.2592351,temperature_press_diff,0
1759877147.4575536,time_boot_ms,97064
1759877147.4575536,press_abs,1013.2384033203125
1759877147.4575536,press_diff,0.0
1759877147.4575536,temperature,3460
1759877147.4575536,temperature_press_diff,0
1759877147.6558464,time_boot_ms,97264
1759877147.6558464,press_abs,1013.2384033203125
1759877147.6558464,press_diff,0.0
1759877147.6558464,temperature,3460
1759877147.6558464,temperature_press_diff,0
1759877147.8599474,time_boot_ms,97464
1759877147.8599474,press_abs,1013.2384033203125
1759877147.8599474,press_diff,0.0
1759877147.8599474,temperature,3461
1759877147.8599474,temperature_press_diff,0
1759877148.0581427,time_boot_ms,97664
1759877148.0581427,press_abs,1013.2384033203125
1759877148.0581427,press_diff,0.0
1759877148.0581427,temperature,3461
1759877148.0581427,temperature_press_diff,0
1759877148.2564673,time_boot_ms,97864
1759877148.2564673,press_abs,1013.2384033203125
1759877148.2564673,press_diff,0.0
1759877148.2564673,temperature,3461
1759877148.2564673,temperature_press_diff,0
1759877148.4604068,time_boot_ms,98064
1759877148.4604068,press_abs,1013.2384033203125
1759877148.4604068,press_diff,0.0
1759877148.4604068,temperature,3461
1759877148.4604068,temperature_press_diff,0
1759877148.658806,time_boot_ms,98264
1759877148.658806,press_abs,1013.2384033203125
1759877148.658806,press_diff,0.0
1759877148.658806,temperature,3462
1759877148.658806,temperature_press_diff,0
1759877148.857142,time_boot_ms,98464
1759877148.857142,press_abs,1013.2384033203125
1759877148.857142,press_diff,0.0
1759877148.857142,temperature,3462
1759877148.857142,temperature_press_diff,0
1759877149.0610604,time_boot_ms,98664
1759877149.0610604,press_abs,1013.2384033203125
1759877149.0610604,press_diff,0.0
1759877149.0610604,temperature,3462
1759877149.0610604,temperature_press_diff,0
1759877149.259466,time_boot_ms,98864
1759877149.259466,press_abs,1013.2384033203125
1759877149.259466,press_diff,0.0
1759877149.259466,temperature,3462
1759877149.259466,temperature_press_diff,0
1759877149.457802,time_boot_ms,99064
1759877149.457802,press_abs,1013.2384033203125
1759877149.457802,press_diff,0.0
1759877149.457802,temperature,3463
1759877149.457802,temperature_press_diff,0
1759877149.656128,time_boot_ms,99264
1759877149.656128,press_abs,1013.2384033203125
1759877149.656128,press_diff,0.0
1759877149.656128,temperature,3463
1759877149.656128,temperature_press_diff,0
1759877149.8600845,time_boot_ms,99464
1759877149.8600845,press_abs,1013.2384033203125
1759877149.8600845,press_diff,0.0
1759877149.8600845,temperature,3463
1759877149.8600845,temperature_press_diff,0
1759877150.0583751,time_boot_ms,99664
1759877150.0583751,press_abs,1013.2384033203125
1759877150.0583751,press_diff,0.0
1759877150.0583751,temperature,3463
1759877150.0583751,temperature_press_diff,0
1759877150.2568257,time_boot_ms,99864
1759877150.2568257,press_abs,1013.2384033203125
1759877150.2568257,press_diff,0.0
1759877150.2568257,temperature,3464
1759877150.2568257,temperature_press_diff,0
1759877150.4605823,time_boot_ms,100064
1759877150.4605823,press_abs,1013.2384033203125
1759877150.4605823,press_diff,0.0
1759877150.4605823,temperature,3464
1759877150.4605823,temperature_press_diff,0
1759877150.6590257,time_boot_ms,100264
1759877150.6590257,press_abs,1013.2384033203125
1759877150.6590257,press_diff,0.0
1759877150.6590257,temperature,3464
1759877150.6590257,temperature_press_diff,0
1759877150.857612,time_boot_ms,100464
1759877150.857612,press_abs,1013.2384033203125
1759877150.857612,press_diff,0.0
1759877150.857612,temperature,3464
1759877150.857612,temperature_press_diff,0
1759877151.0613732,time_boot_ms,100664
1759877151.0613732,press_abs,1013.2384033203125
1759877151.0613732,press_diff,0.0
1759877151.0613732,temperature,3465
1759877151.0613732,temperature_press_diff,0
1759877151.259781,time_boot_ms,100864
1759877151.259781,press_abs,1013.2384033203125
1759877151.259781,press_diff,0.0
1759877151.259781,temperature,3465
1759877151.259781,temperature_press_diff,0
1759877151.4580805,time_boot_ms,101064
1759877151.4580805,press_abs,1013.2384033203125
1759877151.4580805,press_diff,0.0
1759877151.4580805,temperature,3465
1759877151.4580805,temperature_press_diff,0
1759877151.656363,time_boot_ms,101264
1759877151.656363,press_abs,1013.2384033203125
1759877151.656363,press_diff,0.0
1759877151.656363,temperature,3465
1759877151.656363,temperature_press_diff,0
1759877151.8602698,time_boot_ms,101464
1759877151.8602698,press_abs,1013.2384033203125
1759877151.8602698,press_diff,0.0
1759877151.8602698,temperature,3465
1759877151.8602698,temperature_press_diff,0
1759877152.058592,time_boot_ms,101664
1759877152.058592,press_abs,1013.2384033203125
1759877152.058592,press_diff,0.0
1759877152.058592,temperature,3466
1759877152.058592,temperature_press_diff,0
1759877152.2569115,time_boot_ms,101864
1759877152.2569115,press_abs,1013.2384033203125
1759877152.2569115,press_diff,0.0
1759877152.2569115,temperature,3466
1759877152.2569115,temperature_press_diff,0
1759877152.4608963,time_boot_ms,102064
1759877152.4608963,press_abs,1013.2384033203125
1759877152.4608963,press_diff,0.0
1759877152.4608963,temperature,3466
1759877152.4608963,temperature_press_diff,0
1759877152.6592712,time_boot_ms,102264
1759877152.6592712,press_abs,1013.2384033203125
1759877152.6592712,press_diff,0.0
1759877152.6592712,temperature,3466
1759877152.6592712,temperature_press_diff,0
1759877152.857562,time_boot_ms,102464
1759877152.857562,press_abs,1013.2384033203125
1759877152.857562,press_diff,0.0
1759877152.857562,temperature,3467
1759877152.857562,temperature_press_diff,0
1759877153.062083,time_boot_ms,102664
1759877153.062083,press_abs,1013.2384033203125
1759877153.062083,press_diff,0.0
1759877153.062083,temperature,3467
1759877153.062083,temperature_press_diff,0
1759877153.2601395,time_boot_ms,102864
1759877153.2601395,press_abs,1013.2384033203125
1759877153.2601395,press_diff,0.0
1759877153.2601395,temperature,3467
1759877153.2601395,temperature_press_diff,0
1759877153.4582195,time_boot_ms,103064
1759877153.4582195,press_abs,1013.2384033203125
1759877153.4582195,press_diff,0.0
1759877153.4582195,temperature,3467
1759877153.4582195,temperature_press_diff,0
1759877153.6564605,time_boot_ms,103264
1759877153.6564605,press_abs,1013.2384033203125
1759877153.6564605,press_diff,0.0
1759877153.6564605,temperature,3467
1759877153.6564605,temperature_press_diff,0
1759877153.8605006,time_boot_ms,103464
1759877153.8605006,press_abs,1013.2384033203125
1759877153.8605006,press_diff,0.0
1759877153.8605006,temperature,3468
1759877153.8605006,temperature_press_diff,0
1759877154.0589125,time_boot_ms,103664
1759877154.0589125,press_abs,1013.2384033203125
1759877154.0589125,press_diff,0.0
1759877154.0589125,temperature,3468
1759877154.0589125,temperature_press_diff,0
1759877154.257123,time_boot_ms,103864
1759877154.257123,press_abs,1013.2384033203125
1759877154.257123,press_diff,0.0
1759877154.257123,temperature,3468
1759877154.257123,temperature_press_diff,0
1759877154.461045,time_boot_ms,104064
1759877154.461045,press_abs,1013.2384033203125
1759877154.461045,press_diff,0.0
1759877154.461045,temperature,3468
1759877154.461045,temperature_press_diff,0
1759877154.659486,time_boot_ms,104264
1759877154.659486,press_abs,1013.2384033203125
1759877154.659486,press_diff,0.0
1759877154.659486,temperature,3468
1759877154.659486,temperature_press_diff,0
1759877154.8577642,time_boot_ms,104464
1759877154.8577642,press_abs,1013.2384033203125
1759877154.8577642,press_diff,0.0
1759877154.8577642,temperature,3469
1759877154.8577642,temperature_press_diff,0
1759877155.061724,time_boot_ms,104664
1759877155.061724,press_abs,1013.2384033203125
1759877155.061724,press_diff,0.0
1759877155.061724,temperature,3469
1759877155.061724,temperature_press_diff,0
1759877155.2602174,time_boot_ms,104864
1759877155.2602174,press_abs,1013.2384033203125
1759877155.2602174,press_diff,0.0
1759877155.2602174,temperature,3469
1759877155.2602174,temperature_press_diff,0
1759877155.458493,time_boot_ms,105064
1759877155.458493,press_abs,1013.2384033203125
1759877155.458493,press_diff,0.0
1759877155.458493,temperature,3469
1759877155.458493,temperature_press_diff,0
1759877155.6567645,time_boot_ms,105264
1759877155.6567645,press_abs,1013.2384033203125
1759877155.6567645,press_diff,0.0
1759877155.6567645,temperature,3469
1759877155.6567645,temperature_press_diff,0
1759877155.8609798,time_boot_ms,105464
1759877155.8609798,press_abs,1013.2384033203125
1759877155.8609798,press_diff,0.0
1759877155.8609798,temperature,3470
1759877155.8609798,temperature_press_diff,0
1759877156.0592632,time_boot_ms,105664
1759877156.0592632,press_abs,1013.2384033203125
1759877156.0592632,press_diff,0.0
1759877156.0592632,temperature,3470
1759877156.0592632,temperature_press_diff,0
1759877156.2574122,time_boot_ms,105864
1759877156.2574122,press_abs,1013.2384033203125
1759877156.2574122,press_diff,0.0
1759877156.2574122,temperature,3470
1759877156.2574122,temperature_press_diff,0
1759877156.461372,time_boot_ms,106064
1759877156.461372,press_abs,1013.2384033203125
1759877156.461372,press_diff,0.0
1759877156.461372,temperature,3470
1759877156.461372,temperature_press_diff,0
1759877156.6598368,time_boot_ms,106264
1759877156.6598368,press_abs,1013.2384033203125
1759877156.6598368,press_diff,0.0
1759877156.6598368,temperature,3470
1759877156.6598368,temperature_press_diff,0
1759877156.8580883,time_boot_ms,106464
1759877156.8580883,press_abs,1013.2384033203125
1759877156.8580883,press_diff,0.0
1759877156.8580883,temperature,3471
1759877156.8580883,temperature_press_diff,0
1759877157.062065,time_boot_ms,106664
1759877157.062065,press_abs,1013.2384033203125
1759877157.062065,press_diff,0.0
1759877157.062065,temperature,3471
1759877157.062065,temperature_press_diff,0
1759877157.260429,time_boot_ms,106864
1759877157.260429,press_abs,1013.2384033203125
1759877157.260429,press_diff,0.0
1759877157.260429,temperature,3471
1759877157.260429,temperature_press_diff,0
1759877157.4588244,time_boot_ms,107064
1759877157.4588244,press_abs,1013.2384033203125
1759877157.4588244,press_diff,0.0
1759877157.4588244,temperature,3471
1759877157.4588244,temperature_press_diff,0
1759877157.6571221,time_boot_ms,107264
1759877157.6571221,press_abs,1013.2384033203125
1759877157.6571221,press_diff,0.0
1759877157.6571221,temperature,3471
1759877157.6571221,temperature_press_diff,0
1759877157.8610594,time_boot_ms,107464
1759877157.8610594,press_abs,1013.2384033203125
1759877157.8610594,press_diff,0.0
1759877157.8610594,temperature,3472
1759877157.8610594,temperature_press_diff,0
1759877158.0594406,time_boot_ms,107664
1759877158.0594406,press_abs,1013.2384033203125
1759877158.0594406,press_diff,0.0
1759877158.0594406,temperature,3472
1759877158.0594406,temperature_press_diff,0
1759877158.2577302,time_boot_ms,107864
1759877158.2577302,press_abs,1013.2384033203125
1759877158.2577302,press_diff,0.0
1759877158.2577302,temperature,3472
1759877158.2577302,temperature_press_diff,0
1759877158.4616034,time_boot_ms,108064
1759877158.4616034,press_abs,1013.2384033203125
1759877158.4616034,press_diff,0.0
1759877158.4616034,temperature,3472
1759877158.4616034,temperature_press_diff,0
1759877158.6600387,time_boot_ms,108264
1759877158.6600387,press_abs,1013.2384033203125
1759877158.6600387,press_diff,0.0
1759877158.6600387,temperature,3472
1759877158.6600387,temperature_press_diff,0
1759877158.8586247,time_boot_ms,108464
1759877158.8586247,press_abs,1013.2384033203125
1759877158.8586247,press_diff,0.0
1759877158.8586247,temperature,3473
1759877158.8586247,temperature_press_diff,0
1759877159.062454,time_boot_ms,108664
1759877159.062454,press_abs,1013.2384033203125
1759877159.062454,press_diff,0.0
1759877159.062454,temperature,3473
1759877159.062454,temperature_press_diff,0
1759877159.2607923,time_boot_ms,108864
1759877159.2607923,press_abs,1013.2384033203125
1759877159.2607923,press_diff,0.0
1759877159.2607923,temperature,3473
1759877159.2607923,temperature_press_diff,0
1759877159.459082,time_boot_ms,109064
1759877159.459082,press_abs,1013.2384033203125
1759877159.459082,press_diff,0.0
1759877159.459082,temperature,3473
1759877159.459082,temperature_press_diff,0
1759877159.6573155,time_boot_ms,109264
1759877159.6573155,press_abs,1013.2384033203125
1759877159.6573155,press_diff,0.0
1759877159.6573155,temperature,3473
1759877159.6573155,temperature_press_diff,0
1759877159.8613563,time_boot_ms,109464
1759877159.8613563,press_abs,1013.2384033203125
1759877159.8613563,press_diff,0.0
1759877159.8613563,temperature,3473
1759877159.8613563,temperature_press_diff,0
1759877160.0595632,time_boot_ms,109664
1759877160.0595632,press_abs,1013.2384033203125
1759877160.0595632,press_diff,0.0
1759877160.0595632,temperature,3474
1759877160.0595632,temperature_press_diff,0
1759877160.2583973,time_boot_ms,109864
1759877160.2583973,press_abs,1013.2384033203125
1759877160.2583973,press_diff,0.0
1759877160.2583973,temperature,3474
1759877160.2583973,temperature_press_diff,0
